,Brand,APPLE,ASUS,Avita,DELL,HP,Lenovo,MSI,acer
0,ASUS,0.0,1.0,0.0,0.0,0.0,0.0,0.0,0.0
1,Lenovo,0.0,0.0,0.0,0.0,0.0,1.0,0.0,0.0
2,Lenovo,0.0,0.0,0.0,0.0,0.0,1.0,0.0,0.0
3,ASUS,0.0,1.0,0.0,0.0,0.0,0.0,0.0,0.0
4,ASUS,0.0,1.0,0.0,0.0,0.0,0.0,0.0,0.0
5,ASUS,0.0,1.0,0.0,0.0,0.0,0.0,0.0,0.0
6,ASUS,0.0,1.0,0.0,0.0,0.0,0.0,0.0,0.0
7,ASUS,0.0,1.0,0.0,0.0,0.0,0.0,0.0,0.0
8,Lenovo,0.0,0.0,0.0,0.0,0.0,1.0,0.0,0.0
9,acer,0.0,0.0,0.0,0.0,0.0,0.0,0.0,1.0
10,acer,0.0,0.0,0.0,0.0,0.0,0.0,0.0,1.0
11,acer,0.0,0.0,0.0,0.0,0.0,0.0,0.0,1.0
12,Avita,0.0,0.0,1.0,0.0,0.0,0.0,0.0,0.0
13,ASUS,0.0,1.0,0.0,0.0,0.0,0.0,0.0,0.0
14,HP,0.0,0.0,0.0,0.0,1.0,0.0,0.0,0.0
15,HP,0.0,0.0,0.0,0.0,1.0,0.0,0.0,0.0
16,Lenovo,0.0,0.0,0.0,0.0,0.0,1.0,0.0,0.0
17,HP,0.0,0.0,0.0,0.0,1.0,0.0,0.0,0.0
18,Lenovo,0.0,0.0,0.0,0.0,0.0,1.0,0.0,0.0
19,ASUS,0.0,1.0,0.0,0.0,0.0,0.0,0.0,0.0
20,ASUS,0.0,1.0,0.0,0.0,0.0,0.0,0.0,0.0
21,HP,0.0,0.0,0.0,0.0,1.0,0.0,0.0,0.0
22,HP,0.0,0.0,0.0,0.0,1.0,0.0,0.0,0.0
23,ASUS,0.0,1.0,0.0,0.0,0.0,0.0,0.0,0.0
24,Lenovo,0.0,0.0,0.0,0.0,0.0,1.0,0.0,0.0
25,ASUS,0.0,1.0,0.0,0.0,0.0,0.0,0.0,0.0
26,ASUS,0.0,1.0,0.0,0.0,0.0,0.0,0.0,0.0
27,HP,0.0,0.0,0.0,0.0,1.0,0.0,0.0,0.0
28,DELL,0.0,0.0,0.0,1.0,0.0,0.0,0.0,0.0
29,HP,0.0,0.0,0.0,0.0,1.0,0.0,0.0,0.0
30,acer,0.0,0.0,0.0,0.0,0.0,0.0,0.0,1.0
31,ASUS,0.0,1.0,0.0,0.0,0.0,0.0,0.0,0.0
32,ASUS,0.0,1.0,0.0,0.0,0.0,0.0,0.0,0.0
33,Lenovo,0.0,0.0,0.0,0.0,0.0,1.0,0.0,0.0
34,Lenovo,0.0,0.0,0.0,0.0,0.0,1.0,0.0,0.0
35,DELL,0.0,0.0,0.0,1.0,0.0,0.0,0.0,0.0
36,ASUS,0.0,1.0,0.0,0.0,0.0,0.0,0.0,0.0
37,Lenovo,0.0,0.0,0.0,0.0,0.0,1.0,0.0,0.0
38,DELL,0.0,0.0,0.0,1.0,0.0,0.0,0.0,0.0
39,DELL,0.0,0.0,0.0,1.0,0.0,0.0,0.0,0.0
40,Lenovo,0.0,0.0,0.0,0.0,0.0,1.0,0.0,0.0
41,ASUS,0.0,1.0,0.0,0.0,0.0,0.0,0.0,0.0
42,Lenovo,0.0,0.0,0.0,0.0,0.0,1.0,0.0,0.0
43,DELL,0.0,0.0,0.0,1.0,0.0,0.0,0.0,0.0
44,Lenovo,0.0,0.0,0.0,0.0,0.0,1.0,0.0,0.0
45,DELL,0.0,0.0,0.0,1.0,0.0,0.0,0.0,0.0
46,DELL,0.0,0.0,0.0,1.0,0.0,0.0,0.0,0.0
47,DELL,0.0,0.0,0.0,1.0,0.0,0.0,0.0,0.0
48,DELL,0.0,0.0,0.0,1.0,0.0,0.0,0.0,0.0
49,Lenovo,0.0,0.0,0.0,0.0,0.0,1.0,0.0,0.0
50,ASUS,0.0,1.0,0.0,0.0,0.0,0.0,0.0,0.0
51,Lenovo,0.0,0.0,0.0,0.0,0.0,1.0,0.0,0.0
52,Lenovo,0.0,0.0,0.0,0.0,0.0,1.0,0.0,0.0
53,Lenovo,0.0,0.0,0.0,0.0,0.0,1.0,0.0,0.0
54,Lenovo,0.0,0.0,0.0,0.0,0.0,1.0,0.0,0.0
55,HP,0.0,0.0,0.0,0.0,1.0,0.0,0.0,0.0
56,MSI,0.0,0.0,0.0,0.0,0.0,0.0,1.0,0.0
57,DELL,0.0,0.0,0.0,1.0,0.0,0.0,0.0,0.0
58,ASUS,0.0,1.0,0.0,0.0,0.0,0.0,0.0,0.0
59,Lenovo,0.0,0.0,0.0,0.0,0.0,1.0,0.0,0.0
60,Lenovo,0.0,0.0,0.0,0.0,0.0,1.0,0.0,0.0
61,DELL,0.0,0.0,0.0,1.0,0.0,0.0,0.0,0.0
62,acer,0.0,0.0,0.0,0.0,0.0,0.0,0.0,1.0
63,DELL,0.0,0.0,0.0,1.0,0.0,0.0,0.0,0.0
64,ASUS,0.0,1.0,0.0,0.0,0.0,0.0,0.0,0.0
65,Lenovo,0.0,0.0,0.0,0.0,0.0,1.0,0.0,0.0
66,ASUS,0.0,1.0,0.0,0.0,0.0,0.0,0.0,0.0
67,Lenovo,0.0,0.0,0.0,0.0,0.0,1.0,0.0,0.0
68,ASUS,0.0,1.0,0.0,0.0,0.0,0.0,0.0,0.0
69,Lenovo,0.0,0.0,0.0,0.0,0.0,1.0,0.0,0.0
70,HP,0.0,0.0,0.0,0.0,1.0,0.0,0.0,0.0
71,Lenovo,0.0,0.0,0.0,0.0,0.0,1.0,0.0,0.0
72,ASUS,0.0,1.0,0.0,0.0,0.0,0.0,0.0,0.0
73,HP,0.0,0.0,0.0,0.0,1.0,0.0,0.0,0.0
74,DELL,0.0,0.0,0.0,1.0,0.0,0.0,0.0,0.0
75,DELL,0.0,0.0,0.0,1.0,0.0,0.0,0.0,0.0
76,Lenovo,0.0,0.0,0.0,0.0,0.0,1.0,0.0,0.0
77,DELL,0.0,0.0,0.0,1.0,0.0,0.0,0.0,0.0
78,Lenovo,0.0,0.0,0.0,0.0,0.0,1.0,0.0,0.0
79,ASUS,0.0,1.0,0.0,0.0,0.0,0.0,0.0,0.0
80,DELL,0.0,0.0,0.0,1.0,0.0,0.0,0.0,0.0
81,ASUS,0.0,1.0,0.0,0.0,0.0,0.0,0.0,0.0
82,ASUS,0.0,1.0,0.0,0.0,0.0,0.0,0.0,0.0
83,HP,0.0,0.0,0.0,0.0,1.0,0.0,0.0,0.0
84,ASUS,0.0,1.0,0.0,0.0,0.0,0.0,0.0,0.0
85,HP,0.0,0.0,0.0,0.0,1.0,0.0,0.0,0.0
86,HP,0.0,0.0,0.0,0.0,1.0,0.0,0.0,0.0
87,ASUS,0.0,1.0,0.0,0.0,0.0,0.0,0.0,0.0
88,ASUS,0.0,1.0,0.0,0.0,0.0,0.0,0.0,0.0
89,ASUS,0.0,1.0,0.0,0.0,0.0,0.0,0.0,0.0
90,ASUS,0.0,1.0,0.0,0.0,0.0,0.0,0.0,0.0
91,ASUS,0.0,1.0,0.0,0.0,0.0,0.0,0.0,0.0
92,Lenovo,0.0,0.0,0.0,0.0,0.0,1.0,0.0,0.0
93,DELL,0.0,0.0,0.0,1.0,0.0,0.0,0.0,0.0
94,HP,0.0,0.0,0.0,0.0,1.0,0.0,0.0,0.0
95,HP,0.0,0.0,0.0,0.0,1.0,0.0,0.0,0.0
96,ASUS,0.0,1.0,0.0,0.0,0.0,0.0,0.0,0.0
97,MSI,0.0,0.0,0.0,0.0,0.0,0.0,1.0,0.0
98,HP,0.0,0.0,0.0,0.0,1.0,0.0,0.0,0.0
99,MSI,0.0,0.0,0.0,0.0,0.0,0.0,1.0,0.0
100,ASUS,0.0,1.0,0.0,0.0,0.0,0.0,0.0,0.0
101,Lenovo,0.0,0.0,0.0,0.0,0.0,1.0,0.0,0.0
102,ASUS,0.0,1.0,0.0,0.0,0.0,0.0,0.0,0.0
103,HP,0.0,0.0,0.0,0.0,1.0,0.0,0.0,0.0
104,HP,0.0,0.0,0.0,0.0,1.0,0.0,0.0,0.0
105,ASUS,0.0,1.0,0.0,0.0,0.0,0.0,0.0,0.0
106,DELL,0.0,0.0,0.0,1.0,0.0,0.0,0.0,0.0
107,HP,0.0,0.0,0.0,0.0,1.0,0.0,0.0,0.0
108,DELL,0.0,0.0,0.0,1.0,0.0,0.0,0.0,0.0
109,DELL,0.0,0.0,0.0,1.0,0.0,0.0,0.0,0.0
110,ASUS,0.0,1.0,0.0,0.0,0.0,0.0,0.0,0.0
111,Lenovo,0.0,0.0,0.0,0.0,0.0,1.0,0.0,0.0
112,HP,0.0,0.0,0.0,0.0,1.0,0.0,0.0,0.0
113,HP,0.0,0.0,0.0,0.0,1.0,0.0,0.0,0.0
114,HP,0.0,0.0,0.0,0.0,1.0,0.0,0.0,0.0
115,ASUS,0.0,1.0,0.0,0.0,0.0,0.0,0.0,0.0
116,HP,0.0,0.0,0.0,0.0,1.0,0.0,0.0,0.0
117,ASUS,0.0,1.0,0.0,0.0,0.0,0.0,0.0,0.0
118,ASUS,0.0,1.0,0.0,0.0,0.0,0.0,0.0,0.0
119,ASUS,0.0,1.0,0.0,0.0,0.0,0.0,0.0,0.0
120,ASUS,0.0,1.0,0.0,0.0,0.0,0.0,0.0,0.0
121,HP,0.0,0.0,0.0,0.0,1.0,0.0,0.0,0.0
122,HP,0.0,0.0,0.0,0.0,1.0,0.0,0.0,0.0
123,DELL,0.0,0.0,0.0,1.0,0.0,0.0,0.0,0.0
124,Lenovo,0.0,0.0,0.0,0.0,0.0,1.0,0.0,0.0
125,DELL,0.0,0.0,0.0,1.0,0.0,0.0,0.0,0.0
126,HP,0.0,0.0,0.0,0.0,1.0,0.0,0.0,0.0
127,ASUS,0.0,1.0,0.0,0.0,0.0,0.0,0.0,0.0
128,Lenovo,0.0,0.0,0.0,0.0,0.0,1.0,0.0,0.0
129,DELL,0.0,0.0,0.0,1.0,0.0,0.0,0.0,0.0
130,DELL,0.0,0.0,0.0,1.0,0.0,0.0,0.0,0.0
131,DELL,0.0,0.0,0.0,1.0,0.0,0.0,0.0,0.0
132,HP,0.0,0.0,0.0,0.0,1.0,0.0,0.0,0.0
133,ASUS,0.0,1.0,0.0,0.0,0.0,0.0,0.0,0.0
134,DELL,0.0,0.0,0.0,1.0,0.0,0.0,0.0,0.0
135,Lenovo,0.0,0.0,0.0,0.0,0.0,1.0,0.0,0.0
136,ASUS,0.0,1.0,0.0,0.0,0.0,0.0,0.0,0.0
137,ASUS,0.0,1.0,0.0,0.0,0.0,0.0,0.0,0.0
138,DELL,0.0,0.0,0.0,1.0,0.0,0.0,0.0,0.0
139,DELL,0.0,0.0,0.0,1.0,0.0,0.0,0.0,0.0
140,Lenovo,0.0,0.0,0.0,0.0,0.0,1.0,0.0,0.0
141,HP,0.0,0.0,0.0,0.0,1.0,0.0,0.0,0.0
142,HP,0.0,0.0,0.0,0.0,1.0,0.0,0.0,0.0
143,DELL,0.0,0.0,0.0,1.0,0.0,0.0,0.0,0.0
144,HP,0.0,0.0,0.0,0.0,1.0,0.0,0.0,0.0
145,ASUS,0.0,1.0,0.0,0.0,0.0,0.0,0.0,0.0
146,HP,0.0,0.0,0.0,0.0,1.0,0.0,0.0,0.0
147,ASUS,0.0,1.0,0.0,0.0,0.0,0.0,0.0,0.0
148,ASUS,0.0,1.0,0.0,0.0,0.0,0.0,0.0,0.0
149,DELL,0.0,0.0,0.0,1.0,0.0,0.0,0.0,0.0
150,ASUS,0.0,1.0,0.0,0.0,0.0,0.0,0.0,0.0
151,HP,0.0,0.0,0.0,0.0,1.0,0.0,0.0,0.0
152,DELL,0.0,0.0,0.0,1.0,0.0,0.0,0.0,0.0
153,ASUS,0.0,1.0,0.0,0.0,0.0,0.0,0.0,0.0
154,DELL,0.0,0.0,0.0,1.0,0.0,0.0,0.0,0.0
155,HP,0.0,0.0,0.0,0.0,1.0,0.0,0.0,0.0
156,Lenovo,0.0,0.0,0.0,0.0,0.0,1.0,0.0,0.0
157,ASUS,0.0,1.0,0.0,0.0,0.0,0.0,0.0,0.0
158,acer,0.0,0.0,0.0,0.0,0.0,0.0,0.0,1.0
159,DELL,0.0,0.0,0.0,1.0,0.0,0.0,0.0,0.0
160,ASUS,0.0,1.0,0.0,0.0,0.0,0.0,0.0,0.0
161,DELL,0.0,0.0,0.0,1.0,0.0,0.0,0.0,0.0
162,ASUS,0.0,1.0,0.0,0.0,0.0,0.0,0.0,0.0
163,ASUS,0.0,1.0,0.0,0.0,0.0,0.0,0.0,0.0
164,ASUS,0.0,1.0,0.0,0.0,0.0,0.0,0.0,0.0
165,DELL,0.0,0.0,0.0,1.0,0.0,0.0,0.0,0.0
166,ASUS,0.0,1.0,0.0,0.0,0.0,0.0,0.0,0.0
167,ASUS,0.0,1.0,0.0,0.0,0.0,0.0,0.0,0.0
168,DELL,0.0,0.0,0.0,1.0,0.0,0.0,0.0,0.0
169,DELL,0.0,0.0,0.0,1.0,0.0,0.0,0.0,0.0
170,DELL,0.0,0.0,0.0,1.0,0.0,0.0,0.0,0.0
171,ASUS,0.0,1.0,0.0,0.0,0.0,0.0,0.0,0.0
172,DELL,0.0,0.0,0.0,1.0,0.0,0.0,0.0,0.0
173,acer,0.0,0.0,0.0,0.0,0.0,0.0,0.0,1.0
174,DELL,0.0,0.0,0.0,1.0,0.0,0.0,0.0,0.0
175,DELL,0.0,0.0,0.0,1.0,0.0,0.0,0.0,0.0
176,DELL,0.0,0.0,0.0,1.0,0.0,0.0,0.0,0.0
177,ASUS,0.0,1.0,0.0,0.0,0.0,0.0,0.0,0.0
178,DELL,0.0,0.0,0.0,1.0,0.0,0.0,0.0,0.0
179,DELL,0.0,0.0,0.0,1.0,0.0,0.0,0.0,0.0
180,DELL,0.0,0.0,0.0,1.0,0.0,0.0,0.0,0.0
181,DELL,0.0,0.0,0.0,1.0,0.0,0.0,0.0,0.0
182,DELL,0.0,0.0,0.0,1.0,0.0,0.0,0.0,0.0
183,DELL,0.0,0.0,0.0,1.0,0.0,0.0,0.0,0.0
184,ASUS,0.0,1.0,0.0,0.0,0.0,0.0,0.0,0.0
185,ASUS,0.0,1.0,0.0,0.0,0.0,0.0,0.0,0.0
186,HP,0.0,0.0,0.0,0.0,1.0,0.0,0.0,0.0
187,HP,0.0,0.0,0.0,0.0,1.0,0.0,0.0,0.0
188,Lenovo,0.0,0.0,0.0,0.0,0.0,1.0,0.0,0.0
189,Lenovo,0.0,0.0,0.0,0.0,0.0,1.0,0.0,0.0
190,Lenovo,0.0,0.0,0.0,0.0,0.0,1.0,0.0,0.0
191,Lenovo,0.0,0.0,0.0,0.0,0.0,1.0,0.0,0.0
192,acer,0.0,0.0,0.0,0.0,0.0,0.0,0.0,1.0
193,acer,0.0,0.0,0.0,0.0,0.0,0.0,0.0,1.0
194,acer,0.0,0.0,0.0,0.0,0.0,0.0,0.0,1.0
195,ASUS,0.0,1.0,0.0,0.0,0.0,0.0,0.0,0.0
196,DELL,0.0,0.0,0.0,1.0,0.0,0.0,0.0,0.0
197,DELL,0.0,0.0,0.0,1.0,0.0,0.0,0.0,0.0
198,HP,0.0,0.0,0.0,0.0,1.0,0.0,0.0,0.0
199,HP,0.0,0.0,0.0,0.0,1.0,0.0,0.0,0.0
200,Lenovo,0.0,0.0,0.0,0.0,0.0,1.0,0.0,0.0
201,HP,0.0,0.0,0.0,0.0,1.0,0.0,0.0,0.0
202,Lenovo,0.0,0.0,0.0,0.0,0.0,1.0,0.0,0.0
203,acer,0.0,0.0,0.0,0.0,0.0,0.0,0.0,1.0
204,ASUS,0.0,1.0,0.0,0.0,0.0,0.0,0.0,0.0
205,DELL,0.0,0.0,0.0,1.0,0.0,0.0,0.0,0.0
206,acer,0.0,0.0,0.0,0.0,0.0,0.0,0.0,1.0
207,HP,0.0,0.0,0.0,0.0,1.0,0.0,0.0,0.0
208,acer,0.0,0.0,0.0,0.0,0.0,0.0,0.0,1.0
209,ASUS,0.0,1.0,0.0,0.0,0.0,0.0,0.0,0.0
210,Lenovo,0.0,0.0,0.0,0.0,0.0,1.0,0.0,0.0
211,HP,0.0,0.0,0.0,0.0,1.0,0.0,0.0,0.0
212,HP,0.0,0.0,0.0,0.0,1.0,0.0,0.0,0.0
213,Lenovo,0.0,0.0,0.0,0.0,0.0,1.0,0.0,0.0
214,HP,0.0,0.0,0.0,0.0,1.0,0.0,0.0,0.0
215,ASUS,0.0,1.0,0.0,0.0,0.0,0.0,0.0,0.0
216,Lenovo,0.0,0.0,0.0,0.0,0.0,1.0,0.0,0.0
217,Lenovo,0.0,0.0,0.0,0.0,0.0,1.0,0.0,0.0
218,Lenovo,0.0,0.0,0.0,0.0,0.0,1.0,0.0,0.0
219,Lenovo,0.0,0.0,0.0,0.0,0.0,1.0,0.0,0.0
220,ASUS,0.0,1.0,0.0,0.0,0.0,0.0,0.0,0.0
221,Lenovo,0.0,0.0,0.0,0.0,0.0,1.0,0.0,0.0
222,acer,0.0,0.0,0.0,0.0,0.0,0.0,0.0,1.0
223,Lenovo,0.0,0.0,0.0,0.0,0.0,1.0,0.0,0.0
224,ASUS,0.0,1.0,0.0,0.0,0.0,0.0,0.0,0.0
225,ASUS,0.0,1.0,0.0,0.0,0.0,0.0,0.0,0.0
226,Lenovo,0.0,0.0,0.0,0.0,0.0,1.0,0.0,0.0
227,ASUS,0.0,1.0,0.0,0.0,0.0,0.0,0.0,0.0
228,MSI,0.0,0.0,0.0,0.0,0.0,0.0,1.0,0.0
229,ASUS,0.0,1.0,0.0,0.0,0.0,0.0,0.0,0.0
230,MSI,0.0,0.0,0.0,0.0,0.0,0.0,1.0,0.0
231,ASUS,0.0,1.0,0.0,0.0,0.0,0.0,0.0,0.0
232,DELL,0.0,0.0,0.0,1.0,0.0,0.0,0.0,0.0
233,DELL,0.0,0.0,0.0,1.0,0.0,0.0,0.0,0.0
234,Lenovo,0.0,0.0,0.0,0.0,0.0,1.0,0.0,0.0
235,ASUS,0.0,1.0,0.0,0.0,0.0,0.0,0.0,0.0
236,HP,0.0,0.0,0.0,0.0,1.0,0.0,0.0,0.0
237,ASUS,0.0,1.0,0.0,0.0,0.0,0.0,0.0,0.0
238,HP,0.0,0.0,0.0,0.0,1.0,0.0,0.0,0.0
239,HP,0.0,0.0,0.0,0.0,1.0,0.0,0.0,0.0
240,acer,0.0,0.0,0.0,0.0,0.0,0.0,0.0,1.0
241,DELL,0.0,0.0,0.0,1.0,0.0,0.0,0.0,0.0
242,ASUS,0.0,1.0,0.0,0.0,0.0,0.0,0.0,0.0
243,ASUS,0.0,1.0,0.0,0.0,0.0,0.0,0.0,0.0
244,DELL,0.0,0.0,0.0,1.0,0.0,0.0,0.0,0.0
245,DELL,0.0,0.0,0.0,1.0,0.0,0.0,0.0,0.0
246,ASUS,0.0,1.0,0.0,0.0,0.0,0.0,0.0,0.0
247,MSI,0.0,0.0,0.0,0.0,0.0,0.0,1.0,0.0
248,HP,0.0,0.0,0.0,0.0,1.0,0.0,0.0,0.0
249,ASUS,0.0,1.0,0.0,0.0,0.0,0.0,0.0,0.0
250,Lenovo,0.0,0.0,0.0,0.0,0.0,1.0,0.0,0.0
251,Lenovo,0.0,0.0,0.0,0.0,0.0,1.0,0.0,0.0
252,HP,0.0,0.0,0.0,0.0,1.0,0.0,0.0,0.0
253,acer,0.0,0.0,0.0,0.0,0.0,0.0,0.0,1.0
254,ASUS,0.0,1.0,0.0,0.0,0.0,0.0,0.0,0.0
255,HP,0.0,0.0,0.0,0.0,1.0,0.0,0.0,0.0
256,DELL,0.0,0.0,0.0,1.0,0.0,0.0,0.0,0.0
257,ASUS,0.0,1.0,0.0,0.0,0.0,0.0,0.0,0.0
258,HP,0.0,0.0,0.0,0.0,1.0,0.0,0.0,0.0
259,ASUS,0.0,1.0,0.0,0.0,0.0,0.0,0.0,0.0
260,Lenovo,0.0,0.0,0.0,0.0,0.0,1.0,0.0,0.0
261,HP,0.0,0.0,0.0,0.0,1.0,0.0,0.0,0.0
262,DELL,0.0,0.0,0.0,1.0,0.0,0.0,0.0,0.0
263,DELL,0.0,0.0,0.0,1.0,0.0,0.0,0.0,0.0
264,ASUS,0.0,1.0,0.0,0.0,0.0,0.0,0.0,0.0
265,Lenovo,0.0,0.0,0.0,0.0,0.0,1.0,0.0,0.0
266,Lenovo,0.0,0.0,0.0,0.0,0.0,1.0,0.0,0.0
267,DELL,0.0,0.0,0.0,1.0,0.0,0.0,0.0,0.0
268,Lenovo,0.0,0.0,0.0,0.0,0.0,1.0,0.0,0.0
269,ASUS,0.0,1.0,0.0,0.0,0.0,0.0,0.0,0.0
270,Lenovo,0.0,0.0,0.0,0.0,0.0,1.0,0.0,0.0
271,DELL,0.0,0.0,0.0,1.0,0.0,0.0,0.0,0.0
272,MSI,0.0,0.0,0.0,0.0,0.0,0.0,1.0,0.0
273,ASUS,0.0,1.0,0.0,0.0,0.0,0.0,0.0,0.0
274,Lenovo,0.0,0.0,0.0,0.0,0.0,1.0,0.0,0.0
275,DELL,0.0,0.0,0.0,1.0,0.0,0.0,0.0,0.0
276,Lenovo,0.0,0.0,0.0,0.0,0.0,1.0,0.0,0.0
277,Lenovo,0.0,0.0,0.0,0.0,0.0,1.0,0.0,0.0
278,ASUS,0.0,1.0,0.0,0.0,0.0,0.0,0.0,0.0
279,HP,0.0,0.0,0.0,0.0,1.0,0.0,0.0,0.0
280,Lenovo,0.0,0.0,0.0,0.0,0.0,1.0,0.0,0.0
281,Lenovo,0.0,0.0,0.0,0.0,0.0,1.0,0.0,0.0
282,HP,0.0,0.0,0.0,0.0,1.0,0.0,0.0,0.0
283,DELL,0.0,0.0,0.0,1.0,0.0,0.0,0.0,0.0
284,Lenovo,0.0,0.0,0.0,0.0,0.0,1.0,0.0,0.0
285,Lenovo,0.0,0.0,0.0,0.0,0.0,1.0,0.0,0.0
286,ASUS,0.0,1.0,0.0,0.0,0.0,0.0,0.0,0.0
287,MSI,0.0,0.0,0.0,0.0,0.0,0.0,1.0,0.0
288,DELL,0.0,0.0,0.0,1.0,0.0,0.0,0.0,0.0
289,Lenovo,0.0,0.0,0.0,0.0,0.0,1.0,0.0,0.0
290,ASUS,0.0,1.0,0.0,0.0,0.0,0.0,0.0,0.0
291,DELL,0.0,0.0,0.0,1.0,0.0,0.0,0.0,0.0
292,DELL,0.0,0.0,0.0,1.0,0.0,0.0,0.0,0.0
293,DELL,0.0,0.0,0.0,1.0,0.0,0.0,0.0,0.0
294,ASUS,0.0,1.0,0.0,0.0,0.0,0.0,0.0,0.0
295,DELL,0.0,0.0,0.0,1.0,0.0,0.0,0.0,0.0
296,MSI,0.0,0.0,0.0,0.0,0.0,0.0,1.0,0.0
297,ASUS,0.0,1.0,0.0,0.0,0.0,0.0,0.0,0.0
298,MSI,0.0,0.0,0.0,0.0,0.0,0.0,1.0,0.0
299,DELL,0.0,0.0,0.0,1.0,0.0,0.0,0.0,0.0
300,ASUS,0.0,1.0,0.0,0.0,0.0,0.0,0.0,0.0
301,DELL,0.0,0.0,0.0,1.0,0.0,0.0,0.0,0.0
302,DELL,0.0,0.0,0.0,1.0,0.0,0.0,0.0,0.0
303,DELL,0.0,0.0,0.0,1.0,0.0,0.0,0.0,0.0
304,APPLE,1.0,0.0,0.0,0.0,0.0,0.0,0.0,0.0
305,APPLE,1.0,0.0,0.0,0.0,0.0,0.0,0.0,0.0
306,MSI,0.0,0.0,0.0,0.0,0.0,0.0,1.0,0.0
307,MSI,0.0,0.0,0.0,0.0,0.0,0.0,1.0,0.0
308,Lenovo,0.0,0.0,0.0,0.0,0.0,1.0,0.0,0.0
309,Lenovo,0.0,0.0,0.0,0.0,0.0,1.0,0.0,0.0
310,HP,0.0,0.0,0.0,0.0,1.0,0.0,0.0,0.0
311,HP,0.0,0.0,0.0,0.0,1.0,0.0,0.0,0.0
312,Lenovo,0.0,0.0,0.0,0.0,0.0,1.0,0.0,0.0
313,Lenovo,0.0,0.0,0.0,0.0,0.0,1.0,0.0,0.0
314,acer,0.0,0.0,0.0,0.0,0.0,0.0,0.0,1.0
315,ASUS,0.0,1.0,0.0,0.0,0.0,0.0,0.0,0.0
316,MSI,0.0,0.0,0.0,0.0,0.0,0.0,1.0,0.0
317,HP,0.0,0.0,0.0,0.0,1.0,0.0,0.0,0.0
318,Lenovo,0.0,0.0,0.0,0.0,0.0,1.0,0.0,0.0
319,Lenovo,0.0,0.0,0.0,0.0,0.0,1.0,0.0,0.0
320,acer,0.0,0.0,0.0,0.0,0.0,0.0,0.0,1.0
321,HP,0.0,0.0,0.0,0.0,1.0,0.0,0.0,0.0
322,ASUS,0.0,1.0,0.0,0.0,0.0,0.0,0.0,0.0
323,acer,0.0,0.0,0.0,0.0,0.0,0.0,0.0,1.0
324,ASUS,0.0,1.0,0.0,0.0,0.0,0.0,0.0,0.0
325,HP,0.0,0.0,0.0,0.0,1.0,0.0,0.0,0.0
326,Lenovo,0.0,0.0,0.0,0.0,0.0,1.0,0.0,0.0
327,DELL,0.0,0.0,0.0,1.0,0.0,0.0,0.0,0.0
328,HP,0.0,0.0,0.0,0.0,1.0,0.0,0.0,0.0
329,DELL,0.0,0.0,0.0,1.0,0.0,0.0,0.0,0.0
330,DELL,0.0,0.0,0.0,1.0,0.0,0.0,0.0,0.0
331,Lenovo,0.0,0.0,0.0,0.0,0.0,1.0,0.0,0.0
332,ASUS,0.0,1.0,0.0,0.0,0.0,0.0,0.0,0.0
333,HP,0.0,0.0,0.0,0.0,1.0,0.0,0.0,0.0
334,ASUS,0.0,1.0,0.0,0.0,0.0,0.0,0.0,0.0
335,Lenovo,0.0,0.0,0.0,0.0,0.0,1.0,0.0,0.0
336,DELL,0.0,0.0,0.0,1.0,0.0,0.0,0.0,0.0
337,Lenovo,0.0,0.0,0.0,0.0,0.0,1.0,0.0,0.0
338,ASUS,0.0,1.0,0.0,0.0,0.0,0.0,0.0,0.0
339,ASUS,0.0,1.0,0.0,0.0,0.0,0.0,0.0,0.0
340,Lenovo,0.0,0.0,0.0,0.0,0.0,1.0,0.0,0.0
341,DELL,0.0,0.0,0.0,1.0,0.0,0.0,0.0,0.0
342,HP,0.0,0.0,0.0,0.0,1.0,0.0,0.0,0.0
343,ASUS,0.0,1.0,0.0,0.0,0.0,0.0,0.0,0.0
344,Lenovo,0.0,0.0,0.0,0.0,0.0,1.0,0.0,0.0
345,ASUS,0.0,1.0,0.0,0.0,0.0,0.0,0.0,0.0
346,Lenovo,0.0,0.0,0.0,0.0,0.0,1.0,0.0,0.0
347,DELL,0.0,0.0,0.0,1.0,0.0,0.0,0.0,0.0
348,DELL,0.0,0.0,0.0,1.0,0.0,0.0,0.0,0.0
349,Lenovo,0.0,0.0,0.0,0.0,0.0,1.0,0.0,0.0
350,DELL,0.0,0.0,0.0,1.0,0.0,0.0,0.0,0.0
351,DELL,0.0,0.0,0.0,1.0,0.0,0.0,0.0,0.0
352,ASUS,0.0,1.0,0.0,0.0,0.0,0.0,0.0,0.0
353,DELL,0.0,0.0,0.0,1.0,0.0,0.0,0.0,0.0
354,HP,0.0,0.0,0.0,0.0,1.0,0.0,0.0,0.0
355,ASUS,0.0,1.0,0.0,0.0,0.0,0.0,0.0,0.0
356,HP,0.0,0.0,0.0,0.0,1.0,0.0,0.0,0.0
357,DELL,0.0,0.0,0.0,1.0,0.0,0.0,0.0,0.0
358,acer,0.0,0.0,0.0,0.0,0.0,0.0,0.0,1.0
359,Lenovo,0.0,0.0,0.0,0.0,0.0,1.0,0.0,0.0
360,DELL,0.0,0.0,0.0,1.0,0.0,0.0,0.0,0.0
361,ASUS,0.0,1.0,0.0,0.0,0.0,0.0,0.0,0.0
362,HP,0.0,0.0,0.0,0.0,1.0,0.0,0.0,0.0
363,MSI,0.0,0.0,0.0,0.0,0.0,0.0,1.0,0.0
364,DELL,0.0,0.0,0.0,1.0,0.0,0.0,0.0,0.0
365,DELL,0.0,0.0,0.0,1.0,0.0,0.0,0.0,0.0
366,DELL,0.0,0.0,0.0,1.0,0.0,0.0,0.0,0.0
367,DELL,0.0,0.0,0.0,1.0,0.0,0.0,0.0,0.0
368,HP,0.0,0.0,0.0,0.0,1.0,0.0,0.0,0.0
369,DELL,0.0,0.0,0.0,1.0,0.0,0.0,0.0,0.0
370,MSI,0.0,0.0,0.0,0.0,0.0,0.0,1.0,0.0
371,ASUS,0.0,1.0,0.0,0.0,0.0,0.0,0.0,0.0
372,ASUS,0.0,1.0,0.0,0.0,0.0,0.0,0.0,0.0
373,ASUS,0.0,1.0,0.0,0.0,0.0,0.0,0.0,0.0
374,ASUS,0.0,1.0,0.0,0.0,0.0,0.0,0.0,0.0
375,Lenovo,0.0,0.0,0.0,0.0,0.0,1.0,0.0,0.0
376,Lenovo,0.0,0.0,0.0,0.0,0.0,1.0,0.0,0.0
377,DELL,0.0,0.0,0.0,1.0,0.0,0.0,0.0,0.0
378,ASUS,0.0,1.0,0.0,0.0,0.0,0.0,0.0,0.0
379,Lenovo,0.0,0.0,0.0,0.0,0.0,1.0,0.0,0.0
380,Avita,0.0,0.0,1.0,0.0,0.0,0.0,0.0,0.0
381,DELL,0.0,0.0,0.0,1.0,0.0,0.0,0.0,0.0
382,DELL,0.0,0.0,0.0,1.0,0.0,0.0,0.0,0.0
383,ASUS,0.0,1.0,0.0,0.0,0.0,0.0,0.0,0.0
384,Avita,0.0,0.0,1.0,0.0,0.0,0.0,0.0,0.0
385,ASUS,0.0,1.0,0.0,0.0,0.0,0.0,0.0,0.0
386,Lenovo,0.0,0.0,0.0,0.0,0.0,1.0,0.0,0.0
387,HP,0.0,0.0,0.0,0.0,1.0,0.0,0.0,0.0
388,Avita,0.0,0.0,1.0,0.0,0.0,0.0,0.0,0.0
389,HP,0.0,0.0,0.0,0.0,1.0,0.0,0.0,0.0
390,Lenovo,0.0,0.0,0.0,0.0,0.0,1.0,0.0,0.0
391,ASUS,0.0,1.0,0.0,0.0,0.0,0.0,0.0,0.0
392,Lenovo,0.0,0.0,0.0,0.0,0.0,1.0,0.0,0.0
393,ASUS,0.0,1.0,0.0,0.0,0.0,0.0,0.0,0.0
394,ASUS,0.0,1.0,0.0,0.0,0.0,0.0,0.0,0.0
395,ASUS,0.0,1.0,0.0,0.0,0.0,0.0,0.0,0.0
396,APPLE,1.0,0.0,0.0,0.0,0.0,0.0,0.0,0.0
397,APPLE,1.0,0.0,0.0,0.0,0.0,0.0,0.0,0.0
398,ASUS,0.0,1.0,0.0,0.0,0.0,0.0,0.0,0.0
399,ASUS,0.0,1.0,0.0,0.0,0.0,0.0,0.0,0.0
400,ASUS,0.0,1.0,0.0,0.0,0.0,0.0,0.0,0.0
401,DELL,0.0,0.0,0.0,1.0,0.0,0.0,0.0,0.0
402,Lenovo,0.0,0.0,0.0,0.0,0.0,1.0,0.0,0.0
403,Lenovo,0.0,0.0,0.0,0.0,0.0,1.0,0.0,0.0
404,Lenovo,0.0,0.0,0.0,0.0,0.0,1.0,0.0,0.0
405,acer,0.0,0.0,0.0,0.0,0.0,0.0,0.0,1.0
406,acer,0.0,0.0,0.0,0.0,0.0,0.0,0.0,1.0
407,DELL,0.0,0.0,0.0,1.0,0.0,0.0,0.0,0.0
408,acer,0.0,0.0,0.0,0.0,0.0,0.0,0.0,1.0
409,ASUS,0.0,1.0,0.0,0.0,0.0,0.0,0.0,0.0
410,MSI,0.0,0.0,0.0,0.0,0.0,0.0,1.0,0.0
411,Lenovo,0.0,0.0,0.0,0.0,0.0,1.0,0.0,0.0
412,Lenovo,0.0,0.0,0.0,0.0,0.0,1.0,0.0,0.0
413,Lenovo,0.0,0.0,0.0,0.0,0.0,1.0,0.0,0.0
414,acer,0.0,0.0,0.0,0.0,0.0,0.0,0.0,1.0
415,DELL,0.0,0.0,0.0,1.0,0.0,0.0,0.0,0.0
416,ASUS,0.0,1.0,0.0,0.0,0.0,0.0,0.0,0.0
417,acer,0.0,0.0,0.0,0.0,0.0,0.0,0.0,1.0
418,ASUS,0.0,1.0,0.0,0.0,0.0,0.0,0.0,0.0
419,ASUS,0.0,1.0,0.0,0.0,0.0,0.0,0.0,0.0
420,DELL,0.0,0.0,0.0,1.0,0.0,0.0,0.0,0.0
421,ASUS,0.0,1.0,0.0,0.0,0.0,0.0,0.0,0.0
422,MSI,0.0,0.0,0.0,0.0,0.0,0.0,1.0,0.0
423,MSI,0.0,0.0,0.0,0.0,0.0,0.0,1.0,0.0
424,MSI,0.0,0.0,0.0,0.0,0.0,0.0,1.0,0.0
425,HP,0.0,0.0,0.0,0.0,1.0,0.0,0.0,0.0
426,HP,0.0,0.0,0.0,0.0,1.0,0.0,0.0,0.0
427,HP,0.0,0.0,0.0,0.0,1.0,0.0,0.0,0.0
428,acer,0.0,0.0,0.0,0.0,0.0,0.0,0.0,1.0
429,HP,0.0,0.0,0.0,0.0,1.0,0.0,0.0,0.0
430,acer,0.0,0.0,0.0,0.0,0.0,0.0,0.0,1.0
431,ASUS,0.0,1.0,0.0,0.0,0.0,0.0,0.0,0.0
432,ASUS,0.0,1.0,0.0,0.0,0.0,0.0,0.0,0.0
433,acer,0.0,0.0,0.0,0.0,0.0,0.0,0.0,1.0
434,ASUS,0.0,1.0,0.0,0.0,0.0,0.0,0.0,0.0
435,DELL,0.0,0.0,0.0,1.0,0.0,0.0,0.0,0.0
436,acer,0.0,0.0,0.0,0.0,0.0,0.0,0.0,1.0
437,acer,0.0,0.0,0.0,0.0,0.0,0.0,0.0,1.0
438,DELL,0.0,0.0,0.0,1.0,0.0,0.0,0.0,0.0
439,ASUS,0.0,1.0,0.0,0.0,0.0,0.0,0.0,0.0
440,Lenovo,0.0,0.0,0.0,0.0,0.0,1.0,0.0,0.0
441,ASUS,0.0,1.0,0.0,0.0,0.0,0.0,0.0,0.0
442,ASUS,0.0,1.0,0.0,0.0,0.0,0.0,0.0,0.0
443,Lenovo,0.0,0.0,0.0,0.0,0.0,1.0,0.0,0.0
444,DELL,0.0,0.0,0.0,1.0,0.0,0.0,0.0,0.0
445,ASUS,0.0,1.0,0.0,0.0,0.0,0.0,0.0,0.0
446,ASUS,0.0,1.0,0.0,0.0,0.0,0.0,0.0,0.0
447,DELL,0.0,0.0,0.0,1.0,0.0,0.0,0.0,0.0
448,HP,0.0,0.0,0.0,0.0,1.0,0.0,0.0,0.0
449,DELL,0.0,0.0,0.0,1.0,0.0,0.0,0.0,0.0
450,Lenovo,0.0,0.0,0.0,0.0,0.0,1.0,0.0,0.0
451,ASUS,0.0,1.0,0.0,0.0,0.0,0.0,0.0,0.0
452,DELL,0.0,0.0,0.0,1.0,0.0,0.0,0.0,0.0
453,Lenovo,0.0,0.0,0.0,0.0,0.0,1.0,0.0,0.0
454,ASUS,0.0,1.0,0.0,0.0,0.0,0.0,0.0,0.0
455,ASUS,0.0,1.0,0.0,0.0,0.0,0.0,0.0,0.0
456,DELL,0.0,0.0,0.0,1.0,0.0,0.0,0.0,0.0
457,DELL,0.0,0.0,0.0,1.0,0.0,0.0,0.0,0.0
458,DELL,0.0,0.0,0.0,1.0,0.0,0.0,0.0,0.0
459,DELL,0.0,0.0,0.0,1.0,0.0,0.0,0.0,0.0
460,DELL,0.0,0.0,0.0,1.0,0.0,0.0,0.0,0.0
461,Lenovo,0.0,0.0,0.0,0.0,0.0,1.0,0.0,0.0
462,ASUS,0.0,1.0,0.0,0.0,0.0,0.0,0.0,0.0
463,DELL,0.0,0.0,0.0,1.0,0.0,0.0,0.0,0.0
464,acer,0.0,0.0,0.0,0.0,0.0,0.0,0.0,1.0
465,DELL,0.0,0.0,0.0,1.0,0.0,0.0,0.0,0.0
466,MSI,0.0,0.0,0.0,0.0,0.0,0.0,1.0,0.0
467,DELL,0.0,0.0,0.0,1.0,0.0,0.0,0.0,0.0
468,Avita,0.0,0.0,1.0,0.0,0.0,0.0,0.0,0.0
469,ASUS,0.0,1.0,0.0,0.0,0.0,0.0,0.0,0.0
470,ASUS,0.0,1.0,0.0,0.0,0.0,0.0,0.0,0.0
471,MSI,0.0,0.0,0.0,0.0,0.0,0.0,1.0,0.0
472,Lenovo,0.0,0.0,0.0,0.0,0.0,1.0,0.0,0.0
473,Lenovo,0.0,0.0,0.0,0.0,0.0,1.0,0.0,0.0
474,Lenovo,0.0,0.0,0.0,0.0,0.0,1.0,0.0,0.0
475,ASUS,0.0,1.0,0.0,0.0,0.0,0.0,0.0,0.0
476,Lenovo,0.0,0.0,0.0,0.0,0.0,1.0,0.0,0.0
477,HP,0.0,0.0,0.0,0.0,1.0,0.0,0.0,0.0
478,ASUS,0.0,1.0,0.0,0.0,0.0,0.0,0.0,0.0
479,Lenovo,0.0,0.0,0.0,0.0,0.0,1.0,0.0,0.0
480,MSI,0.0,0.0,0.0,0.0,0.0,0.0,1.0,0.0
481,HP,0.0,0.0,0.0,0.0,1.0,0.0,0.0,0.0
482,DELL,0.0,0.0,0.0,1.0,0.0,0.0,0.0,0.0
483,ASUS,0.0,1.0,0.0,0.0,0.0,0.0,0.0,0.0
484,HP,0.0,0.0,0.0,0.0,1.0,0.0,0.0,0.0
485,MSI,0.0,0.0,0.0,0.0,0.0,0.0,1.0,0.0
486,HP,0.0,0.0,0.0,0.0,1.0,0.0,0.0,0.0
487,Lenovo,0.0,0.0,0.0,0.0,0.0,1.0,0.0,0.0
488,MSI,0.0,0.0,0.0,0.0,0.0,0.0,1.0,0.0
489,MSI,0.0,0.0,0.0,0.0,0.0,0.0,1.0,0.0
490,MSI,0.0,0.0,0.0,0.0,0.0,0.0,1.0,0.0
491,HP,0.0,0.0,0.0,0.0,1.0,0.0,0.0,0.0
492,ASUS,0.0,1.0,0.0,0.0,0.0,0.0,0.0,0.0
493,DELL,0.0,0.0,0.0,1.0,0.0,0.0,0.0,0.0
494,ASUS,0.0,1.0,0.0,0.0,0.0,0.0,0.0,0.0
495,MSI,0.0,0.0,0.0,0.0,0.0,0.0,1.0,0.0
496,HP,0.0,0.0,0.0,0.0,1.0,0.0,0.0,0.0
497,HP,0.0,0.0,0.0,0.0,1.0,0.0,0.0,0.0
498,DELL,0.0,0.0,0.0,1.0,0.0,0.0,0.0,0.0
499,MSI,0.0,0.0,0.0,0.0,0.0,0.0,1.0,0.0
500,Lenovo,0.0,0.0,0.0,0.0,0.0,1.0,0.0,0.0
501,Lenovo,0.0,0.0,0.0,0.0,0.0,1.0,0.0,0.0
502,DELL,0.0,0.0,0.0,1.0,0.0,0.0,0.0,0.0
503,HP,0.0,0.0,0.0,0.0,1.0,0.0,0.0,0.0
504,MSI,0.0,0.0,0.0,0.0,0.0,0.0,1.0,0.0
505,ASUS,0.0,1.0,0.0,0.0,0.0,0.0,0.0,0.0
506,ASUS,0.0,1.0,0.0,0.0,0.0,0.0,0.0,0.0
507,Lenovo,0.0,0.0,0.0,0.0,0.0,1.0,0.0,0.0
508,ASUS,0.0,1.0,0.0,0.0,0.0,0.0,0.0,0.0
509,Lenovo,0.0,0.0,0.0,0.0,0.0,1.0,0.0,0.0
510,Lenovo,0.0,0.0,0.0,0.0,0.0,1.0,0.0,0.0
511,HP,0.0,0.0,0.0,0.0,1.0,0.0,0.0,0.0
512,Lenovo,0.0,0.0,0.0,0.0,0.0,1.0,0.0,0.0
513,Lenovo,0.0,0.0,0.0,0.0,0.0,1.0,0.0,0.0
514,ASUS,0.0,1.0,0.0,0.0,0.0,0.0,0.0,0.0
515,MSI,0.0,0.0,0.0,0.0,0.0,0.0,1.0,0.0
516,MSI,0.0,0.0,0.0,0.0,0.0,0.0,1.0,0.0
517,ASUS,0.0,1.0,0.0,0.0,0.0,0.0,0.0,0.0
518,ASUS,0.0,1.0,0.0,0.0,0.0,0.0,0.0,0.0
519,ASUS,0.0,1.0,0.0,0.0,0.0,0.0,0.0,0.0
520,HP,0.0,0.0,0.0,0.0,1.0,0.0,0.0,0.0
521,ASUS,0.0,1.0,0.0,0.0,0.0,0.0,0.0,0.0
522,MSI,0.0,0.0,0.0,0.0,0.0,0.0,1.0,0.0
523,ASUS,0.0,1.0,0.0,0.0,0.0,0.0,0.0,0.0
524,ASUS,0.0,1.0,0.0,0.0,0.0,0.0,0.0,0.0
525,DELL,0.0,0.0,0.0,1.0,0.0,0.0,0.0,0.0
526,HP,0.0,0.0,0.0,0.0,1.0,0.0,0.0,0.0
527,MSI,0.0,0.0,0.0,0.0,0.0,0.0,1.0,0.0
528,Lenovo,0.0,0.0,0.0,0.0,0.0,1.0,0.0,0.0
529,ASUS,0.0,1.0,0.0,0.0,0.0,0.0,0.0,0.0
530,MSI,0.0,0.0,0.0,0.0,0.0,0.0,1.0,0.0
531,HP,0.0,0.0,0.0,0.0,1.0,0.0,0.0,0.0
532,HP,0.0,0.0,0.0,0.0,1.0,0.0,0.0,0.0
533,Lenovo,0.0,0.0,0.0,0.0,0.0,1.0,0.0,0.0
534,MSI,0.0,0.0,0.0,0.0,0.0,0.0,1.0,0.0
535,HP,0.0,0.0,0.0,0.0,1.0,0.0,0.0,0.0
536,MSI,0.0,0.0,0.0,0.0,0.0,0.0,1.0,0.0
537,acer,0.0,0.0,0.0,0.0,0.0,0.0,0.0,1.0
538,HP,0.0,0.0,0.0,0.0,1.0,0.0,0.0,0.0
539,DELL,0.0,0.0,0.0,1.0,0.0,0.0,0.0,0.0
540,ASUS,0.0,1.0,0.0,0.0,0.0,0.0,0.0,0.0
541,HP,0.0,0.0,0.0,0.0,1.0,0.0,0.0,0.0
542,Lenovo,0.0,0.0,0.0,0.0,0.0,1.0,0.0,0.0
543,ASUS,0.0,1.0,0.0,0.0,0.0,0.0,0.0,0.0
544,ASUS,0.0,1.0,0.0,0.0,0.0,0.0,0.0,0.0
545,ASUS,0.0,1.0,0.0,0.0,0.0,0.0,0.0,0.0
546,Lenovo,0.0,0.0,0.0,0.0,0.0,1.0,0.0,0.0
547,ASUS,0.0,1.0,0.0,0.0,0.0,0.0,0.0,0.0
548,ASUS,0.0,1.0,0.0,0.0,0.0,0.0,0.0,0.0
549,ASUS,0.0,1.0,0.0,0.0,0.0,0.0,0.0,0.0
550,Lenovo,0.0,0.0,0.0,0.0,0.0,1.0,0.0,0.0
551,ASUS,0.0,1.0,0.0,0.0,0.0,0.0,0.0,0.0
552,HP,0.0,0.0,0.0,0.0,1.0,0.0,0.0,0.0
553,Avita,0.0,0.0,1.0,0.0,0.0,0.0,0.0,0.0
554,Lenovo,0.0,0.0,0.0,0.0,0.0,1.0,0.0,0.0
555,HP,0.0,0.0,0.0,0.0,1.0,0.0,0.0,0.0
556,HP,0.0,0.0,0.0,0.0,1.0,0.0,0.0,0.0
557,Lenovo,0.0,0.0,0.0,0.0,0.0,1.0,0.0,0.0
558,acer,0.0,0.0,0.0,0.0,0.0,0.0,0.0,1.0
559,ASUS,0.0,1.0,0.0,0.0,0.0,0.0,0.0,0.0
560,ASUS,0.0,1.0,0.0,0.0,0.0,0.0,0.0,0.0
561,HP,0.0,0.0,0.0,0.0,1.0,0.0,0.0,0.0
562,MSI,0.0,0.0,0.0,0.0,0.0,0.0,1.0,0.0
563,ASUS,0.0,1.0,0.0,0.0,0.0,0.0,0.0,0.0
564,ASUS,0.0,1.0,0.0,0.0,0.0,0.0,0.0,0.0
565,acer,0.0,0.0,0.0,0.0,0.0,0.0,0.0,1.0
566,MSI,0.0,0.0,0.0,0.0,0.0,0.0,1.0,0.0
567,ASUS,0.0,1.0,0.0,0.0,0.0,0.0,0.0,0.0
568,acer,0.0,0.0,0.0,0.0,0.0,0.0,0.0,1.0
569,acer,0.0,0.0,0.0,0.0,0.0,0.0,0.0,1.0
570,acer,0.0,0.0,0.0,0.0,0.0,0.0,0.0,1.0
571,acer,0.0,0.0,0.0,0.0,0.0,0.0,0.0,1.0
572,MSI,0.0,0.0,0.0,0.0,0.0,0.0,1.0,0.0
573,ASUS,0.0,1.0,0.0,0.0,0.0,0.0,0.0,0.0
574,ASUS,0.0,1.0,0.0,0.0,0.0,0.0,0.0,0.0
575,ASUS,0.0,1.0,0.0,0.0,0.0,0.0,0.0,0.0
576,Lenovo,0.0,0.0,0.0,0.0,0.0,1.0,0.0,0.0
577,ASUS,0.0,1.0,0.0,0.0,0.0,0.0,0.0,0.0
578,MSI,0.0,0.0,0.0,0.0,0.0,0.0,1.0,0.0
579,MSI,0.0,0.0,0.0,0.0,0.0,0.0,1.0,0.0
580,MSI,0.0,0.0,0.0,0.0,0.0,0.0,1.0,0.0
581,ASUS,0.0,1.0,0.0,0.0,0.0,0.0,0.0,0.0
582,APPLE,1.0,0.0,0.0,0.0,0.0,0.0,0.0,0.0
583,APPLE,1.0,0.0,0.0,0.0,0.0,0.0,0.0,0.0
584,APPLE,1.0,0.0,0.0,0.0,0.0,0.0,0.0,0.0
585,APPLE,1.0,0.0,0.0,0.0,0.0,0.0,0.0,0.0
586,APPLE,1.0,0.0,0.0,0.0,0.0,0.0,0.0,0.0
587,APPLE,1.0,0.0,0.0,0.0,0.0,0.0,0.0,0.0
588,APPLE,1.0,0.0,0.0,0.0,0.0,0.0,0.0,0.0
589,APPLE,1.0,0.0,0.0,0.0,0.0,0.0,0.0,0.0
590,APPLE,1.0,0.0,0.0,0.0,0.0,0.0,0.0,0.0
591,APPLE,1.0,0.0,0.0,0.0,0.0,0.0,0.0,0.0
592,APPLE,1.0,0.0,0.0,0.0,0.0,0.0,0.0,0.0
593,APPLE,1.0,0.0,0.0,0.0,0.0,0.0,0.0,0.0
594,APPLE,1.0,0.0,0.0,0.0,0.0,0.0,0.0,0.0
595,APPLE,1.0,0.0,0.0,0.0,0.0,0.0,0.0,0.0
596,APPLE,1.0,0.0,0.0,0.0,0.0,0.0,0.0,0.0
597,APPLE,1.0,0.0,0.0,0.0,0.0,0.0,0.0,0.0
598,APPLE,1.0,0.0,0.0,0.0,0.0,0.0,0.0,0.0
599,APPLE,1.0,0.0,0.0,0.0,0.0,0.0,0.0,0.0
600,APPLE,1.0,0.0,0.0,0.0,0.0,0.0,0.0,0.0
601,ASUS,0.0,1.0,0.0,0.0,0.0,0.0,0.0,0.0
602,ASUS,0.0,1.0,0.0,0.0,0.0,0.0,0.0,0.0
603,ASUS,0.0,1.0,0.0,0.0,0.0,0.0,0.0,0.0
604,HP,0.0,0.0,0.0,0.0,1.0,0.0,0.0,0.0
605,ASUS,0.0,1.0,0.0,0.0,0.0,0.0,0.0,0.0
606,acer,0.0,0.0,0.0,0.0,0.0,0.0,0.0,1.0
607,DELL,0.0,0.0,0.0,1.0,0.0,0.0,0.0,0.0
608,ASUS,0.0,1.0,0.0,0.0,0.0,0.0,0.0,0.0
609,DELL,0.0,0.0,0.0,1.0,0.0,0.0,0.0,0.0
610,ASUS,0.0,1.0,0.0,0.0,0.0,0.0,0.0,0.0
611,ASUS,0.0,1.0,0.0,0.0,0.0,0.0,0.0,0.0
612,ASUS,0.0,1.0,0.0,0.0,0.0,0.0,0.0,0.0
613,ASUS,0.0,1.0,0.0,0.0,0.0,0.0,0.0,0.0
614,HP,0.0,0.0,0.0,0.0,1.0,0.0,0.0,0.0
615,ASUS,0.0,1.0,0.0,0.0,0.0,0.0,0.0,0.0
616,DELL,0.0,0.0,0.0,1.0,0.0,0.0,0.0,0.0
617,DELL,0.0,0.0,0.0,1.0,0.0,0.0,0.0,0.0
618,DELL,0.0,0.0,0.0,1.0,0.0,0.0,0.0,0.0
619,ASUS,0.0,1.0,0.0,0.0,0.0,0.0,0.0,0.0
620,DELL,0.0,0.0,0.0,1.0,0.0,0.0,0.0,0.0
621,ASUS,0.0,1.0,0.0,0.0,0.0,0.0,0.0,0.0
622,ASUS,0.0,1.0,0.0,0.0,0.0,0.0,0.0,0.0
623,acer,0.0,0.0,0.0,0.0,0.0,0.0,0.0,1.0
624,HP,0.0,0.0,0.0,0.0,1.0,0.0,0.0,0.0
625,HP,0.0,0.0,0.0,0.0,1.0,0.0,0.0,0.0
626,acer,0.0,0.0,0.0,0.0,0.0,0.0,0.0,1.0
627,HP,0.0,0.0,0.0,0.0,1.0,0.0,0.0,0.0
628,DELL,0.0,0.0,0.0,1.0,0.0,0.0,0.0,0.0
629,DELL,0.0,0.0,0.0,1.0,0.0,0.0,0.0,0.0
630,DELL,0.0,0.0,0.0,1.0,0.0,0.0,0.0,0.0
631,HP,0.0,0.0,0.0,0.0,1.0,0.0,0.0,0.0
632,DELL,0.0,0.0,0.0,1.0,0.0,0.0,0.0,0.0
633,DELL,0.0,0.0,0.0,1.0,0.0,0.0,0.0,0.0
634,DELL,0.0,0.0,0.0,1.0,0.0,0.0,0.0,0.0
635,DELL,0.0,0.0,0.0,1.0,0.0,0.0,0.0,0.0
636,HP,0.0,0.0,0.0,0.0,1.0,0.0,0.0,0.0
637,Lenovo,0.0,0.0,0.0,0.0,0.0,1.0,0.0,0.0
638,DELL,0.0,0.0,0.0,1.0,0.0,0.0,0.0,0.0
639,HP,0.0,0.0,0.0,0.0,1.0,0.0,0.0,0.0
640,DELL,0.0,0.0,0.0,1.0,0.0,0.0,0.0,0.0
641,DELL,0.0,0.0,0.0,1.0,0.0,0.0,0.0,0.0
642,DELL,0.0,0.0,0.0,1.0,0.0,0.0,0.0,0.0
643,DELL,0.0,0.0,0.0,1.0,0.0,0.0,0.0,0.0
644,MSI,0.0,0.0,0.0,0.0,0.0,0.0,1.0,0.0
645,DELL,0.0,0.0,0.0,1.0,0.0,0.0,0.0,0.0
646,HP,0.0,0.0,0.0,0.0,1.0,0.0,0.0,0.0
647,Lenovo,0.0,0.0,0.0,0.0,0.0,1.0,0.0,0.0
648,Lenovo,0.0,0.0,0.0,0.0,0.0,1.0,0.0,0.0
649,HP,0.0,0.0,0.0,0.0,1.0,0.0,0.0,0.0
650,MSI,0.0,0.0,0.0,0.0,0.0,0.0,1.0,0.0
651,HP,0.0,0.0,0.0,0.0,1.0,0.0,0.0,0.0
652,acer,0.0,0.0,0.0,0.0,0.0,0.0,0.0,1.0
653,Lenovo,0.0,0.0,0.0,0.0,0.0,1.0,0.0,0.0
654,acer,0.0,0.0,0.0,0.0,0.0,0.0,0.0,1.0
655,Lenovo,0.0,0.0,0.0,0.0,0.0,1.0,0.0,0.0
656,MSI,0.0,0.0,0.0,0.0,0.0,0.0,1.0,0.0
657,DELL,0.0,0.0,0.0,1.0,0.0,0.0,0.0,0.0
658,HP,0.0,0.0,0.0,0.0,1.0,0.0,0.0,0.0
659,Lenovo,0.0,0.0,0.0,0.0,0.0,1.0,0.0,0.0
660,HP,0.0,0.0,0.0,0.0,1.0,0.0,0.0,0.0
661,DELL,0.0,0.0,0.0,1.0,0.0,0.0,0.0,0.0
662,HP,0.0,0.0,0.0,0.0,1.0,0.0,0.0,0.0
663,HP,0.0,0.0,0.0,0.0,1.0,0.0,0.0,0.0
664,ASUS,0.0,1.0,0.0,0.0,0.0,0.0,0.0,0.0
665,ASUS,0.0,1.0,0.0,0.0,0.0,0.0,0.0,0.0
666,HP,0.0,0.0,0.0,0.0,1.0,0.0,0.0,0.0
667,ASUS,0.0,1.0,0.0,0.0,0.0,0.0,0.0,0.0
668,HP,0.0,0.0,0.0,0.0,1.0,0.0,0.0,0.0
669,HP,0.0,0.0,0.0,0.0,1.0,0.0,0.0,0.0
670,HP,0.0,0.0,0.0,0.0,1.0,0.0,0.0,0.0
671,HP,0.0,0.0,0.0,0.0,1.0,0.0,0.0,0.0
672,ASUS,0.0,1.0,0.0,0.0,0.0,0.0,0.0,0.0
673,DELL,0.0,0.0,0.0,1.0,0.0,0.0,0.0,0.0
674,DELL,0.0,0.0,0.0,1.0,0.0,0.0,0.0,0.0
675,HP,0.0,0.0,0.0,0.0,1.0,0.0,0.0,0.0
676,DELL,0.0,0.0,0.0,1.0,0.0,0.0,0.0,0.0
677,DELL,0.0,0.0,0.0,1.0,0.0,0.0,0.0,0.0
678,Lenovo,0.0,0.0,0.0,0.0,0.0,1.0,0.0,0.0
679,ASUS,0.0,1.0,0.0,0.0,0.0,0.0,0.0,0.0
680,HP,0.0,0.0,0.0,0.0,1.0,0.0,0.0,0.0
681,Lenovo,0.0,0.0,0.0,0.0,0.0,1.0,0.0,0.0
682,HP,0.0,0.0,0.0,0.0,1.0,0.0,0.0,0.0
683,ASUS,0.0,1.0,0.0,0.0,0.0,0.0,0.0,0.0
684,HP,0.0,0.0,0.0,0.0,1.0,0.0,0.0,0.0
685,acer,0.0,0.0,0.0,0.0,0.0,0.0,0.0,1.0
686,HP,0.0,0.0,0.0,0.0,1.0,0.0,0.0,0.0
687,Lenovo,0.0,0.0,0.0,0.0,0.0,1.0,0.0,0.0
688,DELL,0.0,0.0,0.0,1.0,0.0,0.0,0.0,0.0
689,MSI,0.0,0.0,0.0,0.0,0.0,0.0,1.0,0.0
690,acer,0.0,0.0,0.0,0.0,0.0,0.0,0.0,1.0
691,HP,0.0,0.0,0.0,0.0,1.0,0.0,0.0,0.0
692,acer,0.0,0.0,0.0,0.0,0.0,0.0,0.0,1.0
693,HP,0.0,0.0,0.0,0.0,1.0,0.0,0.0,0.0
694,ASUS,0.0,1.0,0.0,0.0,0.0,0.0,0.0,0.0
695,acer,0.0,0.0,0.0,0.0,0.0,0.0,0.0,1.0
696,ASUS,0.0,1.0,0.0,0.0,0.0,0.0,0.0,0.0
697,Lenovo,0.0,0.0,0.0,0.0,0.0,1.0,0.0,0.0
698,HP,0.0,0.0,0.0,0.0,1.0,0.0,0.0,0.0
699,DELL,0.0,0.0,0.0,1.0,0.0,0.0,0.0,0.0
700,HP,0.0,0.0,0.0,0.0,1.0,0.0,0.0,0.0
701,ASUS,0.0,1.0,0.0,0.0,0.0,0.0,0.0,0.0
702,HP,0.0,0.0,0.0,0.0,1.0,0.0,0.0,0.0
703,HP,0.0,0.0,0.0,0.0,1.0,0.0,0.0,0.0
704,DELL,0.0,0.0,0.0,1.0,0.0,0.0,0.0,0.0
705,Lenovo,0.0,0.0,0.0,0.0,0.0,1.0,0.0,0.0
706,HP,0.0,0.0,0.0,0.0,1.0,0.0,0.0,0.0
707,DELL,0.0,0.0,0.0,1.0,0.0,0.0,0.0,0.0
708,ASUS,0.0,1.0,0.0,0.0,0.0,0.0,0.0,0.0
709,Lenovo,0.0,0.0,0.0,0.0,0.0,1.0,0.0,0.0
710,ASUS,0.0,1.0,0.0,0.0,0.0,0.0,0.0,0.0
711,ASUS,0.0,1.0,0.0,0.0,0.0,0.0,0.0,0.0
712,Lenovo,0.0,0.0,0.0,0.0,0.0,1.0,0.0,0.0
713,HP,0.0,0.0,0.0,0.0,1.0,0.0,0.0,0.0
714,DELL,0.0,0.0,0.0,1.0,0.0,0.0,0.0,0.0
715,ASUS,0.0,1.0,0.0,0.0,0.0,0.0,0.0,0.0
716,HP,0.0,0.0,0.0,0.0,1.0,0.0,0.0,0.0
717,ASUS,0.0,1.0,0.0,0.0,0.0,0.0,0.0,0.0
718,ASUS,0.0,1.0,0.0,0.0,0.0,0.0,0.0,0.0
719,ASUS,0.0,1.0,0.0,0.0,0.0,0.0,0.0,0.0
720,ASUS,0.0,1.0,0.0,0.0,0.0,0.0,0.0,0.0
721,ASUS,0.0,1.0,0.0,0.0,0.0,0.0,0.0,0.0
722,Lenovo,0.0,0.0,0.0,0.0,0.0,1.0,0.0,0.0
723,ASUS,0.0,1.0,0.0,0.0,0.0,0.0,0.0,0.0
724,DELL,0.0,0.0,0.0,1.0,0.0,0.0,0.0,0.0
725,ASUS,0.0,1.0,0.0,0.0,0.0,0.0,0.0,0.0
726,ASUS,0.0,1.0,0.0,0.0,0.0,0.0,0.0,0.0
727,ASUS,0.0,1.0,0.0,0.0,0.0,0.0,0.0,0.0
728,Lenovo,0.0,0.0,0.0,0.0,0.0,1.0,0.0,0.0
729,ASUS,0.0,1.0,0.0,0.0,0.0,0.0,0.0,0.0
730,MSI,0.0,0.0,0.0,0.0,0.0,0.0,1.0,0.0
731,Lenovo,0.0,0.0,0.0,0.0,0.0,1.0,0.0,0.0
732,Lenovo,0.0,0.0,0.0,0.0,0.0,1.0,0.0,0.0
733,HP,0.0,0.0,0.0,0.0,1.0,0.0,0.0,0.0
734,ASUS,0.0,1.0,0.0,0.0,0.0,0.0,0.0,0.0
735,Lenovo,0.0,0.0,0.0,0.0,0.0,1.0,0.0,0.0
736,HP,0.0,0.0,0.0,0.0,1.0,0.0,0.0,0.0
737,ASUS,0.0,1.0,0.0,0.0,0.0,0.0,0.0,0.0
738,Lenovo,0.0,0.0,0.0,0.0,0.0,1.0,0.0,0.0
739,acer,0.0,0.0,0.0,0.0,0.0,0.0,0.0,1.0
740,ASUS,0.0,1.0,0.0,0.0,0.0,0.0,0.0,0.0
741,HP,0.0,0.0,0.0,0.0,1.0,0.0,0.0,0.0
742,DELL,0.0,0.0,0.0,1.0,0.0,0.0,0.0,0.0
743,Lenovo,0.0,0.0,0.0,0.0,0.0,1.0,0.0,0.0
744,Lenovo,0.0,0.0,0.0,0.0,0.0,1.0,0.0,0.0
745,Lenovo,0.0,0.0,0.0,0.0,0.0,1.0,0.0,0.0
746,ASUS,0.0,1.0,0.0,0.0,0.0,0.0,0.0,0.0
747,DELL,0.0,0.0,0.0,1.0,0.0,0.0,0.0,0.0
748,HP,0.0,0.0,0.0,0.0,1.0,0.0,0.0,0.0
749,Lenovo,0.0,0.0,0.0,0.0,0.0,1.0,0.0,0.0
750,HP,0.0,0.0,0.0,0.0,1.0,0.0,0.0,0.0
751,HP,0.0,0.0,0.0,0.0,1.0,0.0,0.0,0.0
752,MSI,0.0,0.0,0.0,0.0,0.0,0.0,1.0,0.0
753,ASUS,0.0,1.0,0.0,0.0,0.0,0.0,0.0,0.0
754,HP,0.0,0.0,0.0,0.0,1.0,0.0,0.0,0.0
755,HP,0.0,0.0,0.0,0.0,1.0,0.0,0.0,0.0
756,ASUS,0.0,1.0,0.0,0.0,0.0,0.0,0.0,0.0
757,ASUS,0.0,1.0,0.0,0.0,0.0,0.0,0.0,0.0
758,acer,0.0,0.0,0.0,0.0,0.0,0.0,0.0,1.0
759,ASUS,0.0,1.0,0.0,0.0,0.0,0.0,0.0,0.0
760,HP,0.0,0.0,0.0,0.0,1.0,0.0,0.0,0.0
761,ASUS,0.0,1.0,0.0,0.0,0.0,0.0,0.0,0.0
762,Lenovo,0.0,0.0,0.0,0.0,0.0,1.0,0.0,0.0
763,ASUS,0.0,1.0,0.0,0.0,0.0,0.0,0.0,0.0
764,ASUS,0.0,1.0,0.0,0.0,0.0,0.0,0.0,0.0
765,Lenovo,0.0,0.0,0.0,0.0,0.0,1.0,0.0,0.0
766,ASUS,0.0,1.0,0.0,0.0,0.0,0.0,0.0,0.0
767,ASUS,0.0,1.0,0.0,0.0,0.0,0.0,0.0,0.0
768,ASUS,0.0,1.0,0.0,0.0,0.0,0.0,0.0,0.0
769,ASUS,0.0,1.0,0.0,0.0,0.0,0.0,0.0,0.0
770,HP,0.0,0.0,0.0,0.0,1.0,0.0,0.0,0.0
771,acer,0.0,0.0,0.0,0.0,0.0,0.0,0.0,1.0
772,acer,0.0,0.0,0.0,0.0,0.0,0.0,0.0,1.0
773,Lenovo,0.0,0.0,0.0,0.0,0.0,1.0,0.0,0.0
774,ASUS,0.0,1.0,0.0,0.0,0.0,0.0,0.0,0.0
775,ASUS,0.0,1.0,0.0,0.0,0.0,0.0,0.0,0.0
776,ASUS,0.0,1.0,0.0,0.0,0.0,0.0,0.0,0.0
777,ASUS,0.0,1.0,0.0,0.0,0.0,0.0,0.0,0.0
778,ASUS,0.0,1.0,0.0,0.0,0.0,0.0,0.0,0.0
779,ASUS,0.0,1.0,0.0,0.0,0.0,0.0,0.0,0.0
780,MSI,0.0,0.0,0.0,0.0,0.0,0.0,1.0,0.0
781,ASUS,0.0,1.0,0.0,0.0,0.0,0.0,0.0,0.0
782,ASUS,0.0,1.0,0.0,0.0,0.0,0.0,0.0,0.0
783,ASUS,0.0,1.0,0.0,0.0,0.0,0.0,0.0,0.0
784,ASUS,0.0,1.0,0.0,0.0,0.0,0.0,0.0,0.0
785,HP,0.0,0.0,0.0,0.0,1.0,0.0,0.0,0.0
786,ASUS,0.0,1.0,0.0,0.0,0.0,0.0,0.0,0.0
787,ASUS,0.0,1.0,0.0,0.0,0.0,0.0,0.0,0.0
788,ASUS,0.0,1.0,0.0,0.0,0.0,0.0,0.0,0.0
789,ASUS,0.0,1.0,0.0,0.0,0.0,0.0,0.0,0.0
790,ASUS,0.0,1.0,0.0,0.0,0.0,0.0,0.0,0.0
791,ASUS,0.0,1.0,0.0,0.0,0.0,0.0,0.0,0.0
792,ASUS,0.0,1.0,0.0,0.0,0.0,0.0,0.0,0.0
793,ASUS,0.0,1.0,0.0,0.0,0.0,0.0,0.0,0.0
794,ASUS,0.0,1.0,0.0,0.0,0.0,0.0,0.0,0.0
795,ASUS,0.0,1.0,0.0,0.0,0.0,0.0,0.0,0.0
796,ASUS,0.0,1.0,0.0,0.0,0.0,0.0,0.0,0.0
797,ASUS,0.0,1.0,0.0,0.0,0.0,0.0,0.0,0.0
798,ASUS,0.0,1.0,0.0,0.0,0.0,0.0,0.0,0.0
799,ASUS,0.0,1.0,0.0,0.0,0.0,0.0,0.0,0.0
800,Lenovo,0.0,0.0,0.0,0.0,0.0,1.0,0.0,0.0
